{
  "name": "angular-animate",
  "version": "1.2.20",
  "main": "./angular-animate.js",
  "dependencies": {
    "angular": "1.2.20"
  },
  "homepage": "https://github.com/angular/bower-angular-animate",
  "_release": "1.2.20",
  "_resolution": {
    "type": "version",
    "tag": "v1.2.20",
    "commit": "eee33b7a7e03418dff435e1a2802e6dcb7e9f1f9"
  },
  "_source": "git://github.com/angular/bower-angular-animate.git",
  "_target": "~1.2.17",
  "_originalSource": "angular-animate"
}